10007cfcfe7e66066606fe1e7cfe38fe7c66fe667c667c663e67396310630000,新
803ffc3ffc0f80038003fc3ffc3f80038003ffffffff800380018001f001f801,手
003f0c7f06733e731ef71ce70cc73cc73eef067f80798079c079e9f9c9cf0006,級
fc7ffcff1ce01ce0fc7ffc7f1c601c603c70fc7f1c700ce00ee00ff0077c037c,月
100cfc7fffff00c000607e60fe6cfe6cfe6cc66cc26cee6cee64e260e2700200,前
8001c621ce71dc79c831c003fe3ffe3fc003c003ffffffffc003c001c0018001,半
f00ffc3f3e7c1e7800700078007c003e001f800fe007f003f801fe01fffffeff,2
f81ffe7f1ff807f000f8007c807fc03f007f00f800f007f01ff83f7efe3ff00f,3
fffffffffeff007e003e003e001f800f800fc007e003e003f001f800f8007800,7
f00ff83f3c781e700ff00ff00fe00fe00ff00ff00ff01ff03e78fc7ef83fe00f,0
c03ff87fff7fff7f007f007f007f007f007f007f007f007f00ff00ff00fe007e,1
fe3ffe3f0f0007000700ff07ff3f3f7c07f800f000f000f00ff8fe7ffc3ff00f,5
c0fff8ffffffdcff00fe00fc00fc00fc00fc00fc00fc00fe00ff00ff00ff00fe,1
000c000e800fc00fc00ff00ff00f380e3e1e3f1fff7ffffffe7f003e001e001e,4
f003fc07ff07ff07e007c007c007c007c007c007c007c007c007c007c0078007,1
00000000000000000000000000000000000000000000001e807f80ff80ff00ff,","
f81ffc3f3e381ff00fe00fe007e007e007e007e007e007e007f00e78fe7ffc3f,0
f01ffc3f1c781e200f000f00ff1fff3f1f780ff007e007e00ee01cf0fc7ff81f,6
f01ffc3f1e780ff00fe00fe00fe01ff0fcfff8ff00e000e006f01e78fc7ff81f,9
8001c003c003c003c003e003e003e003f007f007780f381e3c3e1ffc0ff007e0,人
e007f00f300c301c181898199831cc33cc330c600660c667e6cf77cc3ffc1e78,A
e00f783c0c608663c67f623c637f23e323c163c7e6cfc6c70ce01c70f03fe00f,G
fe7f07f003e0c3ffe33fe301c33f037f0370c33fe31fe300e300f700ff007e00,F
fe7f07e003e0c1ffe37fc33f03700370837fe31fe300c37f03e003e0fffffc7f,E
fe7fffe707c087ffc73fc701873f07700770c73fc703c700c700e700ff007e00,F
80018003c003c003c003fc3ffffffffffffffffffc3fc003c003c003c0038001,+
00fec0fff0fffefffeff80ff00fe00fe00fe00fe00fe00fe00fe00fe00ff00fe,1
c001c003e003e003e007f81ffefffffffffffe7ff80fe003e003e003c003c001,+
c003c003c003c003e007f00ffffffffffffffffff00fe007c003c003c0038003,+
fc1ffe3f7e001e001e00fe03fe1ffe3f1c7800f000f000f83e78fe7ffc3ff80f,5
f01ffc3f7c7e08780078007ee03fe01fc03f007c00f800f81ffcfffffe7ff81f,3
f007f81f7c3f1e3c1e7c1e780e780ff80ff80e781e781e7c3e7cfc3ff81ff007,0
001f801fc01fe01fe01ff01f781e3c1e3e1eff3ffffffffffe7f001e001c0000,4
f00ffc3f7e7e1efc04fc007c007e803fe00ff803fc003e007f00ffffffffff7f,2
f01ffc3f7c7e08fc00fc007ee03fe01fc07f00fc00f800f81ffc7f7ffe3ff81f,3
f00ffc3f7e7e1efc04f800fc007e803fe00ff803fc003e007e00ffffffffff7f,2
3c087e087f0c770c670677067e03bc038039c0fdc0fee0ee60ce60fe30fc307c,%
f01ffc7ffeff3ef80cf800f800fc003fc01ff00ff8017c003e00ff1fffffffff,2
fc1ffe7f1ff80ff007e007e007e007e007e007e007e007f00ff8fe7ffc3fe007,0
e01ff87f7c783c001e001e00fe3fff7f3ff81ff01ee01ef03cf8fc7ff83fe01f,6
e01ff83f7c381e000f001f00ff1fff3f3f781ff00ff01ff03ef8fc7ff83fe00f,6
3c087e0c7f0c670e77067f077e03bc03803dc0ffc0ee60ce60ee30fe307c0038,%
10003c7cfe3efe0e66067e0e7f7e387e7e267e227c22fc23fe23932310231020,新
fc3ffe03fc018001fc3ffe3ffc3f8003ff7fffffff7f80018001e001f001f001,手
803f8c3726333e331e731c630c472c67fe67833d0139e739ed7df9ffe1e70002,級
f87ff8fffcff1cc0fcfffcfffcff1cc03cf0fcfffcff1cc00ec007f807fc007c,月
100c380efe7f00003c00ff00ff66e766ff66ff66e766ff66e764c778e778f338,前
800180238c739c3b983b9803fe3ffe7ffe3f8003c003fffffc7f800380038001,半
e007f81f7e3f0e7c0ff80ff00ff007f007f00ff00ff00ff00f783e3cfc1ff00f,0
000008038c33861f020f1067b8fffcffce038f3fc77fe6330e3b0e3f9e7ffcf1,後
f00f7c3e1e780ff00ff00e70fc3ffc3f7e7e1ff80ff00ff00ff03e7cfc3ff00f,8
000f801fc01fe03fe03ff03f383f3c3e1e3e1f3fff7fffffffff807f003e001e,4
e007f83f3c383c703c707c3cf83ff83ffc7f3ef81ef01ff03ef8fc7ef83fe00f,8
c003f81ffe7f0ef00ff00ff01e78fc3ffc3f1e780ff007e00fe00ff03c7cf83f,8
f00ffc1f1e3c0f70077007f00ff83efefcfff0ff00f000780f787e3ffc1ff007,9
feffffff00fc00f800fc007c003e001f801fc00fc007e003f003f801f8017000,7
fe7fffffffff803f003f801fc00fc007e007f003f003f801f801f801fc00f800,7
e007fc3ffeff0ff002f000f800fec07fc07f00fe00f000f007f01ff8fefff81f,3
f83ffcff1ff00ff000f000f800ffc0ff80ff00f000e000e01ff03ff8fc3ff01f,3
e007fc3ffe7f0ef00ee00ef03cfcfc7ffc7f1ef00ee00fc00fe00ef0fe7ff81f,8
1e0c3f0c3f0e330673073f03bf039f01cc3cc07ee0fe60ee20e630ee18fe187e,%
f00ff83f7c7c1ef81ef01ef01ef87cfef8fff0ff00f000f008787c7efc3ff00f,9
f81ffc7f1ff80ff000f000f8007c007e001e800fc003f001fc00ff7cffffffff,2
e003f81ffe3f0f780ff007f00ff00ff83efef8ff00f800f004700e3c7e1ff80f,9
f00ffc3f3e780e000f00df03ff1f7f7c0ff80ff00ff00ff00e78fe3ffc1ff007,6
fc7ffe3f1e001e003e00fe1ffe3f1e7800f000f000f000f01e78fe7ff81fc007,5
3f001f000f000f009f07ff1f3f7f0ffc07f800f000f000f00ff81f7cfe3ff80f,5
fe3ffe1f0e000e00de07fe1ffe3f1e7c0ef000f000f000f006f81e7cfc3ff80f,5
e007f83f3c3c0e000f008f07ff1fff3f1f700ff00ff00ff00ff01e78fc3ff00f,6
00000c3f043726333e771ef71ce71cc77eef076f82798079c079e979c9ef0086,級
003c003e003f003f003e00380038003800380038003800380038003800380038,1
e007f81ffe7e1ff807f007e007e007e007e007e007e007f01ff83ffcfc3ff00f,0
f007fc3ffe7f0e7004700078c07fc03fc03f00f800f007f00ff0fe7ffc3fe007,3
001fc01fe01fe01fc01f001e001e001e001e001e001e001e001e001e001e001e,1
3e087f0c730c730673077f033e039c31807dc0fce0fe60ce70ce30fc30fc1078,%
00087c7e7eff004000407ee0feece6ecfeece6ecc2ecc6eceeece6e0e270f278,前
fc1ffe3f1f3c0f380038003c003c001e800fc007e001f8007c00fe7fffffffff,2
0008700cffff00007800fce0fee8cee8fee8fee8cee8fee8c6e886e8c6f8e070,前
80018041ce63dc73d83bc03bfc7ffe7ffc7fc003c003ffffe007c00380018001,半
9f019f019b019b018b7f8b7f9b47d344f340f37cff7cef386338637c01e60140,阪
04080c0c0e3e9fffd8fd88cc8cfddeffffffdfcc8ecd8cff0c1e0c0c0c080c00,神
381e3e7e381c18083c3c1e780f700f700f700e708661c001fe7bffffc0038001,草
04080c088e0ccedccfffcfffeecfcccdccccccecce4cce00cf00c2c1c0c180ff,地
ff3cff7fef7fc7e3c7e1c3e183c183c183c183c183c183c183c183c183c10100,m
00780078007c003c003e003e001e001e001e001e003e003e003c007c00780078,（
00000000000000000000ffffffffffff03c00000000000000000000000000000,一
807f9f7d9b4c9b5f9b7f9b4c9b4c9b7f1b1e1b0c1f0c1f1e071c000c001e0080,哩
f800f001e003e003c007c007800780078007c007c007e003e003f001f801f800,）
027c433c4f3c4ffe4fe64fe64fe64fe64fe64fe64fe64bee437c414041460002,順
00000000000000000000003e007f007f003e0000000000000000000000000000,·
0c0c1c0cfc0cfe0cee0cc71cc77cf3fcf8ec78cc700c380c380c1e0c0e0c020c,外
80038003feffffffc7e783c383c383c3c7e3ffffc00380038003800380038001,中
80018001c003c183c3c3c3c3c3c3c3c3c3c3c3c3c3c3c3c3ffffffffffff0180,山
807f9fff9fcc93cc83ff83cc83cc837f131e1b0c1f0c1f1e071e001e001e00cc,哩
008000000c061e06fe06fe06e70e671e733e787e7826380638061c060f060606,外
ff1fff1f1f000f000f00ff0fff3f3f7c07f000f000e000f000f00f78ff3ffc1f,5
00fc00f800000000000000000000000000000000000000000000000000000000, 
00009b019b019b019b7f9bff9bcf9946f144f368ff78ff38e338637c61fe01c6,阪
381c7e7e3c1c1808fe3f0f700f70ff7f0f708671c603c003c003e007c0018001,草
00009f6c9f4c934c9b7f9b4c9b4c9b7f9b7f1b1e1f0c1f1e1f1e000c001ec0ff,哩
f80ffe3f1e7c0f780f7007f007f007f007f007f00ff00f701f7c7e3ef81fe003,0
00000c080c1cbe7fb8ff98c998fddcfffeff9fcd9edd9cff1c1c1c0c1c080800,神
380c3f7e3e7e00080c380e700f700f700f700e70ce7bc003e003ff7fc0038001,草
060007401f003f001f7f087f1cc33fe33f771c221c001c633e632772037f80ff,短
3efe7e3f720372027e063e7e18661842324232423a661a061b023f037f071f07,距
1000382c007c007eb07ff267e67f7e7e18641f743f7c927ed066c07ec07cc004,離
00fec07cc03ce07cf0eef0c6f2c6f2c6f3eef3eef3c6f3fec340c34441c40000,順
f801f001c003c003ffffc7e3c7c3e3c363c67fdc3ff81ff007c003e003f80370,內
80018003c003ffffffff83c383c383c3c7e7fffffc3f80038003800380038001,中
8001c003fffffc1f0000fc3ffc3f0c301c3cfc3fc003cc11ce31c761e341e001,京
8020c631c67fc07f060e070e664ee6cee6eece7f0e0f0c078e03cf03ff63e041,逆
06000f023f003f001fe718c31cc33fc31e771c001c003e633f66277603ff00ff,短
32077207730372023e7f3c7e18c618c23ac23a671b7e1b063b027f03bf6780ff,距
1840386800ec10feb2efe2efe6ec7efc1aec1f6c9ffc93fdf06dc0ed80fc8018,離
8001c003fe7f0000f83ffc7f1c780c70fc7ffc3fc80388038e6187e1e3c1e001,京
000e0c0e4c6ec07ee06e67ee76ce70ce000f046f0c730e38061e870fe707e301,沙
001e001e001f801fc01ff01f781c381c1c1c1e1c3f7fffffffff003e001c0018,4
80618271c07f80ff000e070cc68ce6ceeeffce7f0c0f0c060e078f03ff03c0ff,逆
360f7307730373073e7f3c7f18c718c33ac33b671b071b033f037f033f070203,距
380c3c1e381e381c1e680f700f700f700f70cf71c423c003e007fe7fc0018001,草
f00f3c3c1e780ff00ff00ff00ff00fe00fe00ff00ff00ff00ff01e78fc3ff81f,0
c001c001e003ffffc7e3c3e1c3e1c3e1c7e3c7e3c003c001c001c001c001c001,中
1000386800ec20ecb2efe2efe6ef72ec3aec1fecbfec92ed90ed80fd807d0000,離
007cc03cc23cf25cf2c6f2c6f2c6f2c6f3c6f3c6f3c6f3c6f344c34cc3444044,順
8001c003e00700000000fc3f1c780c701e78de7fc817c003cc73cff3c7e3e001,京
00f000f800f800f800e000e000e000e000e000e000e000e000e000e000c000c0,1
00000c000c00ce0ccefcdfffffdfeecdccccccccccfcce0ccf00cf80c0c180ff,地
3e023e077303730376073e7f38e618c230c232c73b671b071b023f037f071f07,距
00fe407ec03cd0fec0eec0e6c0c6c2c6c3e6c3eec3c6c366c364c300c34441c4,順
060c060cc60cc7fccfffe7ffe7cfe6ccc6ccc6ecc64ccf08cf00c380c0c0c0c1,地
360277077307730337073e7f38e738c33ac33fe71f671f073f037f033f070707,距
8f7e9f4c9b4c9b7f9b7f9b4c9b4c9b4d9b5f1b0c1b0c1f1e1f1e030c001e001e,哩
fc7ffc3f1c001c001e00bf03ff3fff7f1ff800f000e000e006e01ef0fc7ff83f,5
e007f81f1c3c0c3c0e3c3c3efc1ffc1ffe3f1f7c0ff80ff81f7c7e7ffc1fe007,8
0cc00cc10ec93ecf9e6f9e6f8c6f9ccd7e896600027e00ff690c6f0cc93f80ff,經
6006f83ffc7f6e666666fe7ffe7fee6666666666fefffe7f381c38381c7006e0,典
0000f01ffc3f7e376622ee37fe3ffe3f662626227e77ff7f780c381c1c780660,典
e007fc1ffe3f1f7804700078007e803f803f007c007800f00ff81f7cfe3ffc3f,3
007f0c0026003e7d9e3d9c2d8c2d2c793e41237f217f217f291ce97fc1ff807f,經
20027007fe3f7e332e327e37fe3f7e332e33fe3ffffff74f300c3e3c1f780260,典
000008010c338e1fc61f0a37bc73fcfffe7fc603e63fe43b841fc43ff4ff64e0,後
f00ffc0fff0fff0fc00f800f800f800f800f800f800f800f800f800f800f800f,1
000000000000000000000000000000000000000000000000fc1ffe7ffcfff0ff,","
f81ffc7f3e7c0ff800f00078007c003f803f007e00f000f006f01ff0fe7ffc3f,3
f00f7c3e1e780ff00ff00ff03e7cfc3ffc3f1c380e700ff00ff00e707c3ef81f,8
00000cc30cc13ecb3eef9e6f9c6fcceffec97f00030800ff091c6f0ccb3c81ff,經
e00ff83f3ef80fe007008707ff1f7f7c1ff00fe007e007e00ff07efef83fc007,6
18003cfffccffc45fc64fe643e7c1e6c1f64c7c4c7c4c7c4c6c4c664c6040600,都
03000000000f001f80ffc0ffc0e3e0e3e0f160fe00fe007c003c001f800fc003,外
0f001f001f003f00ff00ff03ff1fffff3fff1f601f001f001f001f001f000f00,外
8003e007c003c003c003ce738e738e73ce73fc7ff00ff00ff01f8c7386e18001,東
82218633c47fc07f040e0f0c4e4cceccce7ece7f0c0e0c070e039e03ff3fe3ff,逆
fe0fff3f0f7c07f800f80078003c003e800fc007f001f8007c007f00ff3fff7f,2
c007f01ffc3f1c700e000f00ff0fff3f3f780ff00fe00fe00ff01ef87c7ef01f,6
381c7c7e004000400060fe60feecfeecfeecc6ecc2ecc6ecfeece660e270f270,前
f007fc3fff7f1f78077000700078003c001fc00fe007f8017e00ff3fffffff7f,2
e01ff87ffcfc7cf810f000f8007e803fe00ff003f800fc00fe7ffefffeff0000,2
f007fc0f3e1f1e3c0f780f781e7c7efffcfff07f00780078083c7c1ffc0ff007,9
f81ffc3f1e780ff00fe00ff00ff0fefffcffe0f300e000f00e70fe3ffc1fc001,9
f01ff87f3cf81cf000f000f800ff80ff00fe00f800f00ef01ff0fefffc7fe00f,3
e003fc3c1ff80ff007e00ff03ef8fe7ffe7f0ff007e007e007e00ff0fe7ff81f,8
0000300cfe7ffe7f0000fcc0fee8fee8fee8fee8cee8fee8cee886e8c6f8e070,前
000008238c3b861f020f1867f8fffc7fce03cf3fee7bc6330e3f0e3ffcf10c00,後
ff3fff3f0f000700cf03ff1f3f7f0ff803f000e000e000f00ff81ffcfe3ff81f,5
fc3ffc1f1c001c001c001c00fc0f1e00fe7bff7fce398c1b0c1f0e1e3e7c0f70,長
00000000f001f003c003fe7fffffe7c3c3c7e3ce77fc3ff80fe003c003f003f0,內
c001ff7fffff0000f81ffc3f0c380c30dc3ffc3fc001c811ce71c761e341e001,京
000000000000000000000000ffffffffffff0000000000000000000000000000,一
00000000000000000000000000000000000000000000f03ff87ff83ff01f8007,","
8001c46fc0ef006e063fc77be7fbfe7f0e780e700e700e70fe733c3e1e7c1ff8,資
fef77ee038c19009c039c37802000006f00ff0ffc27fc23f637e33e63bc60002,深
00000000f800f800e000ff1fff3ff339e33173333b3f1f3e0f3803300338033c,內
8003ccefc0ef007e0e3fc7f3eefffe7f0e700e700e701e70fc3f3c3c1ef80040,資
fcfffce7f0c180198039c67000000007f0fff4ffc63fc63e667677e607060000,深
f81ffc7f0ef00ee00ee01ef07e7cfc7f7e7e0ef00fe00fe00ee0fefffc3fe007,8
e00ff83f7c781e000e00fe0ffe3ffefc1ff00fe00ee00ee00ee03cf0f83ff01f,6
ff3fff3f1f00070007000f00ff1fff7f0ff800f800f000f003f80f7cff3ffe1f,5
1f0c3f0c330673063b033f03bf01ce19c07cc0fe60ee60e630e638fe187e083c,%
e021f67072e070f070e073e0f27be03fe03ff6fc3fe03fc033c0b3c013e00060,潟
00e0feff7cc3f0898039c27942200006e0fff0ffc63fc63f667677e603860000,深
f03ffcff7efc0ff000f000f000f8007c003e001fc007e003f001fc01ffffffff,2
00038cffc0ce18ce1c7fc679e0e0fc7ffe7ffe7f0e700e70fe7f783c18380e40,資
fe7f7e607c40b05dc25dc67844700006f0fffe3fc61fc61f6672776237420002,深
00fee0fffcffffffffff00fc00f800f800f800f800f800f800f800f800fc00fc,1
00030e078c1fc07f8067076707678067e0ffc07f843d8e39cf31e770f3e063c0,決
1e001e3c923f121f1e07be7f967b9671fe61feef3eff127e1122112319311838,勝
f83ffc1ffc01f010701cf80ff807c021f071fce3fcc398038c738ee3c7c3e001,系
0000fec1fee81cec1cecfcecfeedc6edc7ecceecf8e8f0e070c03ce01ef006f8,列
c0077fcf738e700efc3ff81f301c383cfc7f1ef80ef00c300830383c3c3c3e78,賽
c400cee1c6e1c6e30ee606e6feeffe7f1c389ef19ef3c003c003fe7fc0030001,舉
8e60cef0c0c1e083e087c0f79ffc9efc0ef60c666ef66efe6676666666630201,辦
c007f007f807f80fe00f000f001f001f001f001f001f001f001f001f000f000f,1
00001e241e3c927f1607be7ffe7f9273d661fee7feff127e1126112319331938,勝
8001c001c621c6618661ce73fe7ffe3fc001c2c1c2e1c2e1c6f3ffffffff0760,出
0021847f807f000eceffcee1cee1ceffcce0ecffe8ffc8e0ccff0c001e00e27f,道
c00ff03f38700cc386efc67fe730670063006700c67886ef0cc33870f03fc00f,C
8007f03ffc7f1e700e000e03fe1fff7e3ff81fe00ee00ee01ef03cf8f83fe00f,6
e007f81f0e700660c67fc63f061f0c307c60fcc37ec7e7c387e10e70fc3ff00f,S
f81ffe7f0f700f700f701e707e7efe7f3e7c0ff007f007f00ff0ff7ffc1fc003,8
8001c003c003c003fe7ffffff003e003e003f0077007380e1c3c0e7807f003e0,大
300c301c381cfc3f7c3e381c301c301c781effff781e381c381c1c1c0e1c060c,井
000304039c17f83fe03f82378e23807fe07fe07f8c1f8c19ce31ef7067e02240,決
00009e241e3c967f1e3f1e079e7f96739e61feffd77f173e13261b2399391838,勝
fe3ffe01e000701cf80ffc07c003e039fe7ffefbc0719c398e71cfe1e741e001,系
0000fcc1fce138e838e8fce9fce9ceeb86ebc2e9f0e8e0e070e03ce01ef806f8,列
8000fe7f7f6f320e700efc1ffe7f3c3e1c3cff7ffc7ff83f0838081818180e70,賽
0000cc71c671066006631e72c662fefffe7fdc39fe7fc001c001ff7ffe3f8000,舉
0400ce30df78e003e003d25adefedefece76de22fe36ef7e6676662326230021,辦
c000c001c001ffffffffe3e1c3e1c3e1ffffffffffffc001c001c001c001c000,中
e00ff83f1cf80ef00ee00ee0fcfefc7ffcff1ef00fe00fe00ee03ef8fc3fc003,8
f80ffe1f0f38077007700f78fe3ffe3f3f3e0f7807f007f00ff83f7efe3ff007,8
fe07ff0f0338e330e363f36333c633c633c633c63363e363c3300338ff0ffe07,D
fe0fff1f0330c361e363e36303700370c361e3c763c7e3c3c3e10370ff3ffe1f,B
fe07e71f0338e360e363e3c723c623cc23cc23c633c6f363e3710338ff1ffe07,D
00ffe0fffc7fff7fff3f003f003f003f003f003f003f003f003f007f00fe00fe,1
c000c001c201c761c761e761ff7fff3fe001c001c1e1c1e1c3e1ffffffff01e0,出
000006318e7fc47f000fc67fec60e47ffe7ffc60fc7fe8604c447e40ffe0c07f,道
e00ffc3ffe7f0f000700c707ff1fff7f1ff007e007e007e00fe01ff8fe7ff81f,6
180c180c380c7e0c7e0c3c0c3c0c7c0c7e0c3f0c1f0c190c18cc18fc18fc18fc,札
84008c61ce41df41ff41bd4d900d900d307dfc7ffc7f3c3b1c338c31c4f0c0f0,幌
e007fc1f1e380f700ff00f703f7cfe3ffe3f1ff807f007f00ff01f78fc3fe007,8
fe7fff7fff1f0f000f00ff01ff3f3f7c0ff000e000e000e00ff0ff7ffc1fc003,5
c003e003c00100000c18fe3f0e380e301e3cfc3fc013c013ce33c7f3c3e1e001,京
8f4c9f4c9f4c9b4c9b4c9b4c9b4c9b4c1b1e1b0c1f0c1f1e0f0c000c807fc0ff,哩
fc0ffe1f1f3c0f78077007f007f80ffcfefff8ff00f0007000780f3cfe1ffc0f,9
007f80fff0fffcfffffffcff80ff80ff80ff80ff80ff80ff80ff80ff00ff007e,1
ffffff7f1f000f001f00ff1fff3f1ff800f000e000e000e007f8fffffc3fc003,5
38007c0c660e44066e0e7e0e3cfe38e63c667c667c667c663f63196318630040,新
e078726070e070e070e073e0f37fe001e001f4c03ec03fc03fc0f3c013e00160,潟
c003fc3f3ffc07f007e007e03ffefe7fff7f0ff007e007e007f03ffefc3fc003,8
f007fc1f1f7e07f803f000f8807fe03fe07f00f800f003f007f81ffcff7ff80f,3
f01ffc7f3cf01ee00e001e00fe3fffff1ff00fe00ee00ee00ef0fcfff83fc00f,6
fe03071f0338e370f36373c733c633cc33cc33c673e3e3630330031cff0ffc01,D
e00ff83f3c381e001e00fe07fe1ffe3c1f781ff01ef01ef01e787c3ef81fe007,6
001c003e803fc03fe03ff03ff03c7c3c3e3c1f7effffffff003e003c003c001c,4
00000c318c1bc61f821f1877fc7ffc7fce07c707e63fe413041fe43fe4ff6060,後
8001c003fffffc7ff83ffc3f1c300c30fc3ffc3fc81380038c338ee3c6c3e001,京
80038003c007c007e00ff01ffe7ffe7ffe3ff80fe007c007c007800380038001,+
fe7ffe7f9e070e000e001e00fe1fff3f0e7800f000f000f007f01f78fc3ff81f,5
fc1ffe3f0f780ff00ff00f783e3efe3ffe3f0f7807f007f007f00ff8fe7ffc1f,8
1e003f0c7f0c730e73063b073f039e018c01c0fdc0fee0ce60ce30ce38fe18fc,%
8001e0c7ffff0000f81ffc3f1c300c30dc3ffc3f80038c338e738ee3c2c3e001,京
fc1fff3f0f7c02780078007c807f803f007f007c00f800f002f80ffcff3ffc1f,3
c001fc1fff3f0f78077007f007f81ffcfefff8ff40f000780678fe3ffc0fe001,9
fc3ffe7f0ff807e007e00ff07ffefe7f7ffe0ff007e007e007e00f70fc3ff00f,8
f83ffc7f1ff80f000700ef07ff3f7ffc1fe007e007e007e00ff03ef8fc3ff01f,6
8f7c9f4c9b4c837f837f834c834c837f037f030c1f0e1f3f0f1e000c003ec0ff,哩
00ff027e033c0f7e0ffe0fe60fe60fc60fe60ffe0be60be60b644300414600c6,順
381c3c3e381c10083c3c0e700e700e780770fe7ffe7fc003e303e003c0018001,草
3eff3607220332023e7e3c7e1866184232423266127e1a061b023f033f0707ff,距
863f003e000f800781c393c183c1c3c1c3c1c7c183c9c3c0c3c0e3e0ffffffff,函
0c0c1e1ee3ffcfc19fe39f731f633363332333031f030763036317433f630363,館
010000006008f018f01bf01b383bb87bf8fbe0ffc099c019e018701830181008,外
3e043f463ffe3ffe3b263f223f633f073e1e707ef067fc677d3c613c60fe0000,駿
f81ffc1f80038003c007fc3fc0038003ce67ffffc007800380018001f001f001,手
807184f1c6809ea09eff8eff8cddfc88fe88f6f9c0fdc0fdc0fde0c0c0e08060,綱
18c018e718e718e718e718e718e718e71ce71ce71ce71ce70ee70ee70fe706c2,川
1ce21ce31ce31ce31ce31ce31ce31ce31ce31ce31ce30ce30ee30ee307e30243,川
1e003f263f763f7f1b371f231f231f033f0e787e6067f8277d3e653c607e2040,駿
00003f063f667f7f3f7f3f33ff73ff777f7e7e7efe77ff377f3e6f3ef0770000,駿
0cc00cc38cc38cc38cc38cc38cc38cc38cc38cc38ec38ec38ec38fc307c000c0,川
803f84ffc4f3fef39eff8effdcfffcfcfeffffffe0ffe0fffeffeff0c0600020,綱
feef7ee078c1a0098039c67102000006e0dfe0ffc67fc63fe67e77e637c60300,深
f01f3c7c1e700f000f000f00ff3e3ff81ff00ff00ff00ff00ff01ef0fc7ff01f,6
0004001e001fc01fe03fe03ff03f783e3c3e3e3efffffffffcff003e003c0008,4
800180018001c003ff7fffffffffe003e003e0037007780e3c1c1e3c0ff807f0,大
100c380cfc3ffe7f781e380c300c380efe7fffff3c1e380c180c1c0c0e0c020c,井
007c007f007f007f007f00700070007000700070007000700070007000700070,1
000c0c7f1c001c61986198610c010c007ec0ffccefccccfdc4ffc4ddc4ddc0c0,福
e000fe390f380f300f300f381f3c1f001f000e007e40fce070c073c673e62060,島
007c431c4f3c0f7e0fe60fe60fe61fe61fe61fe61fe61b665b64436441464040,順
c001c08300000000fc3ffe3f0e300e38fe3ffc3fc003cc33cf73c7e3e1c1e000,京
3c1e3e7e381c300c06200f700f700f700f708e71c023c003f767f7e7c0038001,草
c833fc3fec01e018f01ff80f8803c031fc7ffcffc07398319c71cfe1e7c1c001,系
00020c038c31c61f830f18279873cc7fce03cf03ef3fee3b0e1fce3ffe7f6c60,後
f007fc1ffe7f0ef00fe00fe00ef01efcfcfff0ff00e000f00cf81c7ef81ff007,9
8001c003e007c003c003c671c771c771c771ce73fc3ff00ff00f863987618001,東
8001fe7ffe7fc003ce33c671c671c671c671fe3ff00ff00ff80f8c2182c18001,東
c007fe7f1ff00fe007e00ff01ef8fe7ffe7f1ef80ff007e007e00fe01ff8383c,8
fc3fff3fff1f0f001f003f00ff3f3f7c0ff800e000e000e000f01ef8fc3ff81f,5
e00ff87f3cf01ec00f000f00ff1f7f7c1ff00ff00fe00fe00ff01ff07e7cf81f,6
0038033847385ffc4fce4fc64fc64fc64fc64fc64fc65fce5bec43ccc1c44084,順
000e001f801f801fc01fe01ff01f781e381e1e1e3f3eff7ffc7f001f001e000e,4
381c783c383c381c1e780fe00fe00fe00fe0cef7c467c003c003e67780038001,草
f00f7e7e1ff00fe007e00ff0fe7ffc7f3e7c0ff007e007e00fe01ff8fc3fc003,8
9b039b019b019b7f9bff9bef9946f144f360fb78ff38e7386378617c21e60100,阪
80038003800380338c738c738e738ee38ee38ee387e387c380c38003e003f001,小
c007701e3e789ff9df7b1c791c703c781c701c301e001e007e703fe033e03060,倉
c031e37872f0f0f0f0f073e0f271e023e001f6ff3ef83fc037c0b3c013c00160,潟
8261827380ff007f020e070ec6cee6ceeece0e0e0c0e0c060e03cf03ff83e0c1,逆
8003f83ffc7f1e300f000f01ff1fff7e1ff00ff00ff00ff01e70fc3ff81f8003,6
00208631867bc0ff0f0e0f0c4e4cceccceefce7f0c0e0c060e039e03ffc3e0f1,逆
8010e2797670f0f0f0f073e0f37fe07fe03ff4ff3ef83fc033c0b3c011e00070,潟
201cf37ce77bc773c7e3c7e187e187c187e187e187e187e183e183c183c103c0,m
9f4c9fccdbccdbdfc3dfc3cc83cc835e131e1b0c1f1e1f1e1b0c000c001e001e,哩
8001800180018001c003c003c003e007e007e00ff01ff83f7c7c3ef81ff00fe0,人
fe1f3f000f000f000f00ff3f7f7e1ff806f000f000f000f00ef03e7efc3ff00f,5
c001fc1ffe3f0e700ff00fe00ff00ef87efff8fff0e300e000f00c7cfc3ff80f,9
8001fe7ffe7fc003c003ce738e73ce738e73fe7ff81fe00ff00f883386e10001,東
000e000f800fc00fe00ff00f780e7c0e3e0efe3ffffffe7f003f001e000e000e,4
c001e003fe7f00000000fe3f0e380e30fe3ffe3fc013c0138e71c7f1e3e1e001,京
00009f4c9f4c9bdf9bdf9bcc9b4c9b4c1b1e1b0c1f0c1f1e1f0c000c001e001e,哩
e007f83ffeff1ef80ef000f000f8007c003e000fc007f001f800fe38ffffffff,2
ffff00ff00fc007e007e003f001f801f800fc00fe007f003f003f001f8007800,7
0c041c04fe0cfe0cc71cc73ce37cf8fcf8ee780e700e380e1c0e0e0e060e0004,外
c003e67f800100000810fc7f0c700e701e78fc3fc003c0038c71cfe1c3c1e001,京
8000f00ffc3f0f780ff00ff01e7cfc3ffc3f3e7e0ff007f007f00ff8fe3ff80f,8
fc3f1c001c001c001c001c001c003e00ffffffff8e738c3b0c1f1e3c3f780f60,長
843f8c3f263336331ff31cf30cc37cc77eef867f80398039e839e97dc1cf0082,級
1008fc7fffff00c000e0fee8feecfeecfeeec2eec6eeeeeeeeecc2e0f2786230,前
1c183e18770c630c630667073f039c038003807dc0fc60ce60ce70ce30fc1078,%
1c183f1c670c630e630677033e0388038031c07dc0cc60cc60cc30cc307c1078,%
f80ffc3f1f7807780078003cc03fe03fc03f0078007807700f7c7e7ffc3ff80f,3
fc3ffe3f3e180e000e00df03ff1fff3f1e7c0078007800780f7cff3ffe1ff807,5
f87ffe3fff3f3f3f003e003e003e003e003e003e003e003e003e003e003e007e,1
0c083f0c3b0e330631023303bf019e01c000c07e60fe60e630c638ee187e183c,%
e00ff83f7c3e3cf81ef81ef00ef00ff00ff01ef01ef81ef83efcfc7ff83fe00f,0
e003fc3ffe7f07e003e007e00ff8fe7ffe7fffff07e003e003e007e0fe7ffc3f,8
381c7efe383c1008380c3e7c0e700e700e708e718463c003c303ffffc0038001,草
02fc46385e7c46fe46c646c646c642c643c643c643c643ee4360410041c60006,順
fe3f3e000e000e000e00ff03ff3fff7f0ff800f000f000f007f00f78fc3ff81f,5
e001fc1f1e3e0e380f700ff00ff007f007f00ff00ff00e780e3c3e1ff80fc000,0
00183e18770c670c630676067e033c0398318079c07cc0ce60c660ce307e307c,%
f8ff1ce01ce01ce0fcfffcff1ce01ce0fcfffcff1ce00ee00ee00ff007fc037c,月
08ff0cc124c93ecd9e6f9c2e8c6dbc4d7e8d670003ff03ff6b0c6f0ccb7f80ff,經
e00ff83f3c3c1e700ef00fe007e007e007e007e00fe00ff00ef01e38783ef00f,0
fc1f3e3c1f3807780078003c001e801f803f0038007000f007701f38fe3ff81f,3
8003f87ffeff0fe00fe000e080ffc07f807f00f000e006e00fe03ff8fc3ff01f,3
3e0c3f0c73066306630237033e039e11c039c07cc06e60c670c630e6387e183c,%
100c7c3e78ff004000e0fee0ffecffecffecc7ecc3ecefecefece3e0f3786030,前
00600cff0cc176cd9ecf9e6f8c6f8c4d7ecd6700037e03ff6b1c6f0ccb7f81ff,經
f80ffc1f1e7807f007e007e00ff03ffcfcff00f000e000f00ff87e7ffc1ff80f,9
0001fc3ffeff06f006e00ef03e7cfc3ffc7f0ef007e007c007e0fefffc3fc001,8
ff3fff1f070007000700ff1fff3f077802f800f000f000f007781f3efe1fe001,5
8003ff7fc003c003fc3bfe3b8e338e338e33fc3ff00ff00ff01f8c3382418001,東
0c080e088e088edccfffdfffee8fee88cec88ec88e088e008f0080c080c3807f,地
367f7307730377033e7f3e7f184318433b433b671b271b033b033f03877780ff,距
38087c6c00ec10ffb2efa26fc6fd32fc3a6c1fecbffc93ed9265c2ed80fc0008,離
38007800f800f001e001e001e003c003c003e003e001e001f001f80078003800,）
807f0c7f2600365dbf2ddc25cc252c6d3f413f61217f217f211ce17de1ffc0ff,經
fe7ffe7f1e001e001e07fe1f7e7c1ef80ee000e000e002e00fe03e78fc3ff01f,5
f007fe3f3f7c0f7007f003e003e003e003e003e003e003f007f80f7cfe3ff807,0
e003f80ffc3f1e380ef80ff80f780f700f600f700f700ff80f781e3c3c3ef81f,0
00fcc03cd07cd0fed0c6d0c6d0c6d2c6d2c6d2c6d2e6d2ecc360c340c3c400c0,順
8001c63fe07e00660e3fc771e771fe7f0e38043004300430fe3b7c3e1e7c1ff8,資
e4fffce470c1301b803bc67146200006600fe4ffc67fc63fe67676e637c60004,深
f6fffef778c1b009c03de67802002006e0dfe6ffc63fe63e667277e203020002,深
8003ccffe0ee006e8e3fc7f1ee7bfc780e300c300c30dc33fc3f3c3c1ef80c70,資
0c080c1c8c1c8e1ccfffdfffeedfcc9cccdc8cfc8c3c9e088e8082c080c380e7,地
807f9f7f9f5c975c977f975c974c975e171e171c1f1c1f1c1f1c001c001e000c,哩
f801fe01ff01ff01e001c001c001c001c001c001c001c001c001c001c001c001,1
e01ff03f3c701c000e00bf07ff3f7f7c1ff01fe00fe01ee01cf0fc7cf03fe00f,6
08020c038e3f861f000f3867f8fffc478e038f7fc67fe673043f0c3ffc7ffce1,後
8403ccdfe0ef006e0c3fc7f1e6f1fe7f1c300c300c301c30fc3f7c3e3e7c1ef8,資
e07ffeff7ce3f0c9801de67946300006e06ff0ffc67fc63e667277e203020002,深
001ff03fff3ffc3f803f803f807f80ff80ff80ff80ff80ff80ff80ff80ff00ff,1
fc3ffe7f0ee00ee00ee00ef01c78fc3ffc7f0ee00fc00fc00fc00ee0fe7ff83f,8
760f6707670367033e7f38ff38c310c336c337471f671f073f037f077f0782cf,距
007c403c783870fe60ce60c660c662c663c663c663c663fe637c634041460006,順
ff7eff7fc7f7c7e3c7c3c7c187c187c107c107c107c107c107c103c103c103c0,m
807f9f7fdb4cdb4cdb7fdb4cdb4cdb6e1b0e1b0e1f0e1f0e030e000ec07fc0ff,哩
0c080c0c1e1e9cff98dd98cc9cff9cffdefd8fcd8cfd8c5d0c1c0c0c0c080800,神
360337077303730273063efe38c638c238c23bc61be61b061b027f03bf078387,距
1000386800ec00ecbaefa3efe7eff7ec1bec1fec9fecf3edd3e5c3edc35c8000,離
001c423c463c5ede46c646c646c642c643c643c643c643c643cc43cc41cc4006,順
381c7efe3c1c10000c300e70ee77fe770e708e61c423c003c003c00780018001,草
040c040c8c0ccef9cefdcfffee8fcc8dccc9ccf9ccf9ce0dcf01c78180c180ff,地
3eff76ff620362037e7f3c7f10c310c332c332c7126f120732037f031f0703ff,距
18207e240066107eba7ff267e66efe7e1a661f669f7e9b6e9066d266c06e0004,離
8001c001c001c001c3c1c3c1c3c1c3c1c3c1c3c1c3c1c3e1e7f3ffff07fc01c0,山
301c7ffe3f7e000004200e70fe7ffe7f0e700e70dc3b8003c003ffffc0038001,草
063f077f1f001f001f7f0c631c613f633f230c001c603e733e332737037f8010,短
3eff76076203620376073ce710c310c332c732ff127f12033a037f073f070003,距
1800186c006cb0feba6fe36fe76ef7ec1b6c3f6cbfec9b6ff267c26fc2ec800c,離
8f7fdf4cdf4cdb6cd37fd34cd340937f133e1b0e1f0e1f1e1f0c030c001ec0ff,哩
00fe42fe423c427c42fe42e642e642e642fe42fe43e653f453604340c1c60000,順
e01ff87f3e780f4007000700ff1fff7f1ff007f007f007f007f00ef83e3cf007,6
423c4238523c42fc42c442c442c442c442c442c453c453ec43ecc3c4c1c40080,順
381c7e7c383c101804400ee00ee00ee00ee00ee084638003c003ffffc0038001,草
e736e773c763c7e3c7e187e187e187e187e187e187e187e187e183e183c183c1,m
00060e0e0c0ec06ec06ee3ee66ce64ce600e8c4f8c670c780e1c071fe307e301,沙
00000408c408c6cccffcffffeecfe4ccc4c8c4ecc46cce08cf00c7c0c0c180ff,地
00fc423c421c5a6c4ae642e642e642e642e642e642c653e65b644364c3c40040,順
9f019f019b019b019b6f9bef9bcff3ccf3ecfb7cff78c338c37843fc03c60100,阪
381c7d9e381c380c1e000e700e700e700e70ce73c003c003c007e007c0038001,草
40fe423c5a7c42fe42e642e642e642e642e642e642e643644300434041e40040,順
000006ff1f001f001f001c631c417f633f771c001c001c633e732733037f80ff,短
1e7fbfff7303730277063e7e38e218c218c233c61b661b061b023b027f0787ff,距
10007c68006c10fcba7fa267e66ff67c186c1e6c3ffc9a6c9065c06dc0fdc008,離
00fec0fec03cc0fcc0fec0c6c0cec2c6c2fec2fec2e6c2fcc300c34cc3cc0080,順
00fee0ffff7ffe7f007e007c007c007c007c007c007c007c007c007c00fc00fc,1
8e4f9fcf9bcc93cd83cf83cd83cc83ff937f1b0e1b0e1f1e0b0c000c001ec07f,哩
e001e001c003c00780078007000700070007800780078007c007c003e001e000,）
023c03381b7c1fde1fce1fc61fc61fc61fc61fc61fc60bce0b44034401c60084,順
26ff6607620236023e7e3cfe18e238c232c232e61e661e023e023f03078700ff,距
8001c003e00f0000f83ffc7f0c700c703c7cf83f80038c638e6387c3e003e001,京
381c7ffe3c3c180cfc3ffe7f0f700f700f700e70c421c001e003ffffc0038001,草
c01ff03f7c7c1ef00fe00fe00fc00fc00fc00fc00fc00fe01fe03c70f87ff01f,0
80618671867bc01f070e070ee68ee6ceeecece7f0c0f0c070e038f03f3ff80ff,逆
80218671c2fb80ff000e060c46cce6cce7feee5e0e0e0e060e038f03cff381fb,逆
1800fe64006410fcbaffe267e6fe7efc18641e649f7c937cf264c264c07c0004,離
1800fe34007c107eb87ff277e67e7e7e18361f36df7ed07ed036c076c07e4004,離
00fe42fe427c42fe42c642ce42ce42c643e643fe43c643e64340430041cc4086,順
8001c003ffff00000000fc3ffc3f0c30fc3ffc3fd81b80118e318f71c3e1e001,京
067f077f0f001f001f3f0c631c413e633f631e000c001c603e7336332737037f,短
18009f7f9b019b019b7f8bff9b4f9b44f344f36cfb7ce738c338437c03ee0186,阪
c001e003c003c001c621c771c771c771c771fe3ff00ff00ff80f8e7180018000,東
887f0c7f243336333f7b1eff08670c677e6ffe6d80398039c239c27dc3e70043,級
8003800386e387e387e387e3fffffe7f800387c387c387c387e3ffffffff07c0,出
00118639c67f00060007cf7fce60c460c660ce60cc7fc860cc7f0e00fe7fe2ff,道
3008380efffffe3f0000fe24fe24c624fe24ee24c624fe24de24c620f6386238,前
e007f81f1c3c0e780e780e783e7efc3f7c3e1e7807e007e01f703e7cfc1ff007,8
00008639867f001f000ec67fe460e4e1fee1fee0fcffe8606c607e40ffe0e2ff,道
0008700cf83ef81e0000fcc0fce8fce8fce8fce8c4e8fce8fce884f8e4f9e070,前
c0fff8ffffff0efc00f800f800f800f800f800f800f800f800f800f800f800f8,1
3c083e0c670c670667067f03be0380018079c07cc0ee60c670c630fe307c1000,%
c003fc3ffe7f076007600f707c3cfc3ffc3fff7f07e007e007e00f70fe3ff81f,8
07fe07ff3f001f0019e718c33ec37fc31e661c001c003ee63f66277603ff0001,短
00fc033c1f3c0f7e0f661f661f461f461f661f661f661b6e0b00410040460000,順
9f7f9ffc93cc83dc83ff83cc83c883fd037f130c1f1c1f1e1f1c020c001e80ff,哩
e001fc1ffe3f0f7c0f780278007c003c001e000fc00fe001f8007c00ff3fffff,2
38007e6c006c30ffb2efa267e66e3eec1a6c1f6c1f7c936cf265c26dc2fc000c,離
f07ff8fff8ff18e0b8eff8fff8ff38e038f0f8fff8ff18e00ce00ef80e7c0038,月
00fc4078f07cf0fee0c6e0c6e2c6e3c6e3c6e3c6e3c6e3fee37ce14041c40000,順
f67ffeff7cc07019801dce796c700006f0fffc7f8c1fc412e672766237420000,深
fc3ffc3f1c000c000c000c001c001e003feeffffcc398c1f0c0f0c1e3f780360,長
227e267f630363027e7e3e7e38e618c23ac23fe61f761f023f027f0387f780ff,距
8001c001fe7fffffc7e1c3e1c3e1c3e1c3e1fffffe7fc001c001c001c0018001,中
fc6fffff73ce700ef81f700e301cf83ffe7f1ef00e700c3008303c3e3e780cf0,賽
e00ffc7f3ff80fe003e000f080ffc07f00fe00e000e003e00fe07ffcfc7fe007,3
001f801fc01fc01fe01f701c781c3c1c1c1c1f1eff7fffff003e001c001c001c,4
f81f3c3c0f78077007f007f007f00ff8fcfff8f700f000f007780f38fc3ff81f,9
fffffffffeff00f000f8007c003c001e001e000f800fc007e003f001f0007000,7
e000fe1fff3f0f3807380f380f1c0f000f800e007e6070e071c4734673662020,島
c007e007f007f007000700070007000700070007000700070007000700070007,1
f81f3c380ff00fe00fe00ff07e7cfc7ffc7f1e700fe00fe00fe01ef0fc3ff81f,8
e00ff81ffc3f1e100e000e00ff1fff3f3f7c0f780ff81e781e787c3cf81ff00f,6
f003fc03ff03ff03e003e003e003e003e003e003e003e003e003e003e003e003,1
c00ffc3f3cf81ee00e00c70fff3f3f780ff007e007c00ee01ef0fc7ff03f8001,6
fc0ffe1f0f3c0778077007f007f8fffffcfff8f300700078073cff1ffc0fe000,9
003fc03ff03ffe3fff3fdf3f803f003f003f007f007f00ff00ff00ff00ff00fe,1
067e07ff1f001f001de70cc31cc33fc31e7f0c001c403ee33f66237600ff00ff,短
0c103c7ffe7ffc65fc24fe241e341e34cf24c764c7e4c7e4c7e4c664c6040600,都
8001fefffe7fc003c003ce31ce33fe3fce3bfc3ff00fe00ff01f8e7180018001,東
8001c003ffff00000000fc3f0e780e701e78fe3fc003c811ce71c761e041f000,京
3eff7eff6303630377073e7f18e718c332c333c33b471b071b037f037f07077f,距
c001c0038003000008101e7c0e700e70fe7ffc3fc803cc23ce73c7e3e1c1f001,京
08001cfffeefcc4cdc4cfe6d3e6c1e6c1f6c87ccc7ccc7ccc7ecc76cce0c0204,都
08003c7ffccff84df86cfc6d3c6c1c6c1e6c87ccc6ccfeccc6ccc64cc60c0600,都
383c7fbc381c381c3c7c0e700f600f600f600e60cc77c003c673efff80038001,草
3e7f3707730373027e3e3e7e18e618c23ac23bc21b461f021f023f023f07027f,距
067f07ff1f001f001f7f0c431ec13f633f770e001e613e633e73237780ff807f,短
82318639c07f005f070e0e06e6c6e6c6eeffce7f0c070c070e03de03ffffe0ff,逆
00040404c40cce7ccfffcfcfeecfe4ccc4ccc46cce6cce00cf00c6c0c0f38061,地
3fff7307730373027f463ee618c218c23be23bfe1b7e1b023b027f03bf070003,距
00080c088c08cefdcfffcfdfee8fcc89ccc9cce9ce49ce09cf01c681c0e38041,地
e007fc3ffe3f0f7807780078003c003e001fc007e003f8007c00ff3fffff0300,2
e003fc3ffe7f077007700770fe3ffc3ffc3f0f7007f003f007f01f78fc1ff007,8
c001fc1ffe3f0f700ff00f703e3cfc1ffe3f0e7807f003f007f0ff7ffc3fc001,8
00183e087f0c6304630677027e039c018031c07cc0fee0c660c630ee307c1838,%
c003f81f7e3c1e700f00c703ff1f3f7c0f7807f007f007f00f703e38fc3fe007,6
f80ffc3f0ff007e003c007f0fe7ffe7ffe7f0ff007e003c007e0fffffe3f8001,8
3eff7707730377077e7f3c7f184718423a43334713071b071f037f037f0707ff,距
8001c0c3c047c003c003ce33ce7bfe7ffe7bfe3ff00fe00ff01f9e7180018001,東
f83ffe7f1ff80fe002e000f0007fc07f807f00f800f000e00fe00ff03efcfc7f,3
3eff73ff730273023e7e3cfe18c218c232c23be61b7e1b063b023f038fff81ff,距
840084618ec19fc1ff41be4db44db44db47dfc7ffe7f1c330c118411c4f04060,幌
c003fc3ffe7f1e780e7000700078c03fe01fc03f00f000f007f00ff0fe7ffc3f,3
e000fc0ffe1f07380378037007f81ffc3efffcfff070007807380f1efc0ff803,9
fc0ffe7f0ff803e003e007f01e78fe7ffe7f0ff803e003e003e007e0fffffe7f,8
60066006fc3f6e666e627e76fe7f7e766e626e76ffffef0c700c3e781ef00640,典
e007fc3f1e780fe00fe00f70fc7ffc3ffc3f1e780fe007e007e00ef0fe3fe00f,8
003cc0ffffffffff80ff00fe00fc00fc00fe80ff80ff80ff80ff80ff00ff007c,1
3e381e000e000e00ce07fe0ffe3f1f7806f000f000f000f00f783f3cfc1ff007,5
1e083f0c730e730673073f033f018001803cc07ee0e660c630e6306e107e1000,%
001f801f801fc01fe01ff01f781e381e3c1e1e1efefffffffffffe3f001e001e,4
1c103f0c730c630e630633063f038e01c039c0fee0ee60ce30ce30ee18fe1800,%
fc0ffe3f0e78077007f00e78fc3ffc1ffe3f07f007e007f00770fe7ffc1f8001,8
f83ffe7f0e7007600f601e703c7cfc3ffe7f1e7007e007e007e01f70fe3ff81f,8
8007e007f80ff80fe00fc00fc00fc00fc00fc00fc00fc00fc00fc00fc00fc007,1
18687e6c00ec10ffb8efa26fe2ee1afc18ec1e6c9ffc92ed906dc0edc01c8008,離
fc3ffe3f1e000e000e00ff07ff1f7f3c1e7800f000f000f004f80e7c3e3ef81f,5
8e7f9fff93dc93df93ff93dc93cc937d131e130c1b1c1f1c171c001c00de0080,哩
f00ffc3ffc7f1e7c0c78007c007e803fc00ff007fc017c003e003e00ff7fff7f,2
ffff00f800f800f8007c003e003e001f001f800f800fc007e003e003f001f000,7
c001e003e0030000fc3ffe3f0e780e707e7efe3f80118c318e71c7e1e001e001,京
267e76ff620362023e3e3efe38fe18c232c23ac23e461e021e027f027f030303,距
84218633807f001f000e4e04cec4cecccefecc4e0c0e0c060c03de03f7ffe2ff,逆
c003c003c00300000000fc3f1c700c70dc7ffc3fc00388219c718fe1c3c1e001,京
18003868006c10eebb6fe36fe76ff36e1b6c1f6c9feed36fd36fc36fc30c0000,離
9f019b0199019901997f99ff99cf91c4f1c0f178fb78e778e378617c21e60100,阪
070007003f003f001bc708c73ec37fe71e7e1c401c423ec77f66277603ff0001,短
8001e003fc3bc003c633c671ff73ef71c671fe7ff00ff00ff8098e6183c18001,東
04000c001c00bc41984198400c001e00ffccffccefccc4cec4ccc4ccc4cdc0c0,福
c007fc3f7e7e1ff00ff000f000700038001c000f800fc003f0017c00ffffffff,2
18003868006c30ecb3efa36fe7ecf3ec1b6c1f6c1fec9becf36dd36dc37d800c,離
fc00fe01ce0187030303034303e207e207e207e207e207e307e387e3cee1fe61,0
ff3ffe3ffc787870787078f038e030e030e030e030e030e030e030e030e02060,m
0038003c001e001f001f001f000f000f000f000f001f001f001f003e003c0038,（
0038433c433c5bdc4bce4bc64bc65bc65bc65be65bc65bc64bee41e441c400c4,順
0c0e0e0f067f027f033e033803ff03ff033c033c037c03fe06ef0e070e000c00,（
0000000000001c781ef80ef00ef00ef81c7c000000701e7c3c7c7c7effffffff,短
366676e762076203720738ff30e710c730c372c732c7120732037b033f0707f7,距
fe3ffe3f9e1f0e000e00fe07fe1f1f3c067800f000f003f00f78fe3ffc1fc000,5
ffff000000003e3e3efc0ef00ef01e7c001e000004101e3c3c3e7c3fff7f0000,短
f00ffc3f1ff807f007f007f03e7cfe7ffeff0ff007e007e007e007f01e788001,8
c001e003f3e70000fc1ffc3f0c380e387e3efc3fc001cc19ce39c771e201e001,京
803f8c7f0e019e739c6198410c001e00ffceffccefccc4ffc4ccc4ccc4ffc0ff,福
4000fe3f0e380f3007300f300f000f00ff3f0f003f00fee170c070c473e6ff67,島
f80ffe3f1f7c0778007000700078003c001e001fc007e003f0017e00ff00ffff,2
000c300c381cfe7ffe7f380e300c380c7c1efffffe3f380c1c0c0e0c070c020c,井
067e07ff3f003f000f7f08671c433fc33f7f0c000c011c633e633777037f80ff,短
3e7f3707730377063e7e3c7e38c238c23ac23b661b061b023f023f03877f003f,距
20306070f078f8fcf078607060707070f8f9faf970f8707038703c701e700630,井
00000000000000000000000000003f00ff007f00000000000000000000000000, 
301c7a3c783c301c1c780ee00ee00ee00ee0fefffc7f8003c003c00380030001,草
864cdf4cdf4edb6fdb6fdb4edb4cdb4e1b0e1b0e1f0e1f0e1b0e000e001e00de,哩
f00ffe3f3e7e0e7000700078803fe01fc03f007e00f000f00ff00e7cfe3ff81f,3
40fe423c423c427e42e642e642e672e67ae67ae67be67be45b60c364c1440040,順
c003fe7f1ff807e003e007e03ffcfe3ffe3f3ffc07e003e003e007f03e7efc0f,8
e079f7f872e0f0e070e071e0f063e001e001feff3ff83fc0f3c0f3c011e00070,潟
38407c60ee0e460e440e7e1e7efe38ee38c67cc67cc67cc67ec61bc318430040,新
180618061806ff06ff063c063c063c067e067f061f061b0618c618ce18fe18fc,札
3e8676076207620376073ce738e730c33ac33ae71ae712073a037f033f078387,距
7b3cff3fff7fef73c763876183e183e183e183e183e183e183e183e183c183c1,m
fc7ffc3fdc0ffc1f0c000c000c000e00ffffffff8e31841f040f3e1e3ff80fe0,長
040c040c8c0cceddceffdedfee8fcc8dcccdccedcc4dde01cf01c0c180ff807f,地
866fdf6fdf4cdb4ed37fd36cd34cd34c1b1e1b0e1f0e1f0e0f0e030e000e000c,哩
e00ff87f1ef80fe00fe00fe01ff8fc7ffc7f1ef00fe00fc00fe00fe07c7cf01f,8
02fe423c5e3c5e7e5ee65ee65ee65ee65ee65ee65fe65b645b60c344c0460000,順
e01ff83f7cf01ce00e000e00ee1ffe7f3ef00ee00ec00ec00ee01ef0f83ff01f,6
8001fc1f3e3e0f7007f007e007e007e007e007e007e007f01f70fe3ffc1f8001,0
f01ffc3f1c700e000f00cf0fff3f3f781f700ff00ff00ff00e703c78f83fc003,6
000e0e0e0e0e407e407e63ee76ce76ce000f84678e730e3c061ec30ff303f000,沙
8001c007ff7fc003fc3fde3bce33ce338e33ee3ff00ff00ff00f8e3382418001,東
fe7f7f000f000f000f00ff03ff7f3ff80fe000e000e000e002e00ff83e7efc3f,5
380cfe6c007c307eb87ff267f67e7efc18641f649f7c906dd065c06dc00c0000,離
00fec0fee03ce07ce0e6e0c6e0c6e2e6e3fee3fee3eee37ee304e14441c60080,順
f03ff87f3cf00e000e008e0ffe3f3ef80fe00ee00ee00ee01ef0fc7ff83f0003,6
f003fe3f1f7c07f800f000f8e07fe03f003f00f800f003f007f8ff3ffc1fe001,3
f01ff83f3ef80fe007000300e71fff7f0ff007e003c003c007e00ff8fc7ff83f,6
fc7ffc7f1e001e001e001e03fe7ffe7f0cf000f000f000f00ef07e7cf87fe007,5
3e0c770c630c6306630677033e03bc018039807cc07e40ce60c660ce30ec307c,%
f03ffc7f1ef00ec00e008e07fe3fff7f1ff00fc00fc00ec00ee01ef0fc7ff83f,6
f003ff1f3f3e077803780078003c001e001f800fc003f8017e003f00ffffffff,2
3e003f03b3019301934f93ff93cfb38df30df379f779d778c778437843c40200,阪
04180c180e7e9fff9cfd98dd9cdfdcfffeffcf998c9d0cff0c1e0c1c0c180008,神
300c7c3e781e301c00000e700e700e70066006608661c003e427ffffffff8001,草
000406064606c60ecffecfffeecfc6c6c6e6c6e6ce26ce04cf00c0c0c0e1803f,地
6338f779fffbc7e3c7c387c387c387c387c387c387c387c387c387c183c183c1,m
7fff770f230623063f063eee10c610c633c633c61366130613063f07970f00ff,距
18007c60407c00fef86ffe67e7ffe7fc3f601f60bff9b879d061c061c0798000,離
00fc423cc21cf21ec2cfc2c7c2cfc2c7c2e7c3e7c3c7c366c364c10041400000,順
f003fc1fff3f07780078007c003ec01f801f003e00f800f000f007f8ff3ffc1f,3
e007fc1f1e3c0f700770077007f007f003f007f007f007700f701f787e3ef01f,0
c007f01ff83e3c780ef00ef00ee00fe00fe00fe00ee00ef00ef81c78f83ff01f,0
8001fc3fffff07f003e007e0fffffe3ffe7f0ff003e003c007e00ff0fc3ff80f,8
c007f03f787c1ef00e008e0ffe3f3e781fe00fc00ec00ee01ef07c7cf83fc007,6
f81ffc3f0e780e3007000f00ff3fff7f0f7007f007e007f00e70fc3ff81fe007,6
